id	protein	peptide	mass-to-charge	z	missed	enzyme	type	sequence
ENA|HZ245980|HZ245980.1	1	1	1468.759	1	0	trypsin	N	MPPYTVVYFPVR
ENA|HZ245980|HZ245980.1	1	2	232.133	1	0	trypsin	I	GR
ENA|HZ245980|HZ245980.1	1	3	533.279	1	0	trypsin	I	CAALR
ENA|HZ245980|HZ245980.1	1	4	1276.628	1	0	trypsin	I	MLLADQGQSWK
ENA|HZ245980|HZ245980.1	1	5	1733.852	1	0	trypsin	I	EEVVTVETWQEGSLK
ENA|HZ245980|HZ245980.1	1	6	1079.548	1	0	trypsin	I	ASCLYGQLPK
ENA|HZ245980|HZ245980.1	1	7	1883.943	1	0	trypsin	I	FQDGDLTLYQSNTILR
ENA|HZ245980|HZ245980.1	1	8	482.276	1	0	trypsin	I	HLGR
ENA|HZ245980|HZ245980.1	1	9	751.428	1	0	trypsin	I	TLGLYGK
ENA|HZ245980|HZ245980.1	1	10	2116.974	1	0	trypsin	I	DQQEAALVDMVNDGVEDLR
ENA|HZ245980|HZ245980.1	1	11	250.115	1	0	trypsin	I	CK
ENA|HZ245980|HZ245980.1	1	12	1534.772	1	0	trypsin	I	YISLIYTNYEAGK
ENA|HZ245980|HZ245980.1	1	13	639.291	1	0	trypsin	I	DDYVK
ENA|HZ245980|HZ245980.1	1	14	2126.154	1	0	trypsin	I	ALPGQLKPFETLLSQNQGGK
ENA|HZ245980|HZ245980.1	1	15	4592.408	1	0	trypsin	I	TFIVGDQISFADYNLLDLLLIHEVLAPGCLDAFPLLSAYVGR
ENA|HZ245980|HZ245980.1	1	16	671.413	1	0	trypsin	I	LSARPK
ENA|HZ245980|HZ245980.1	1	17	260.190	1	0	trypsin	I	LK
ENA|HZ245980|HZ245980.1	1	18	1903.984	1	0	trypsin	I	AFLASPEYVNLPINGNGK
ENA|HZ245980|HZ245980.1	1	19	147.069	1	0	trypsin	C	Q
ENA|HZ245980|HZ245980.1	2	1	832.443	1	0	trypsin	N	MYLHLR
ENA|HZ245980|HZ245980.1	2	2	1201.544	1	0	trypsin	I	SSTPSFTMSTR
ENA|HZ245980|HZ245980.1	2	3	1406.693	1	0	trypsin	I	AASCWSLPYRPR
ENA|HZ245980|HZ245980.1	2	4	484.317	1	0	trypsin	I	VLPR
ENA|HZ245980|HZ245980.1	2	5	391.205	1	0	trypsin	I	CLR
ENA|HZ245980|HZ245980.1	2	6	980.531	1	0	trypsin	I	MVLLWYR
ENA|HZ245980|HZ245980.1	2	7	274.180	1	0	trypsin	I	VR
ENA|HZ245980|HZ245980.1	2	8	1449.684	1	0	trypsin	I	SPSWNLGSWPYR
ENA|HZ245980|HZ245980.1	2	9	634.360	1	0	trypsin	I	QLAFR
ENA|HZ245980|HZ245980.1	2	10	2881.448	1	0	trypsin	I	LPSCQVSTVTTSSFQLWPWSASSILR
ENA|HZ245980|HZ245980.1	2	11	907.529	1	0	trypsin	I	AAHLPLTGK
ENA|HZ245980|HZ245980.1	2	12	483.238	1	0	trypsin	C	YTTV